Image URL,Generated Keyword,Estimated Search Volume (monthly),Estimated CPC ($),Estimated Keyword Difficulty (0-100),Estimated Competition (%),Efficiency Index (higher is better),Confidence Score (0-1),Similar Keywords (with volume),Explanation (including metric estimation reasoning)
https://example.com/nike_casual_shoes.jpg,comfortable lifestyle shoes,550000,0.86,66.4,1.0,0.48,0.80,shoes (volume: 550000); nike shoes (volume: 550000); nike shoes (volume: 550000); nike shoes (volume: 550000); nike shoes (volume: 550000),"The keyword ""comfortable lifestyle shoes"" aligns perfectly with the ad's intent and target audience, as it addresses their desire for comfort, style, and versatility in casual footwear. The high search volume of 550,000 indicates strong interest, while the CPC of $0.86 suggests a reasonable cost for targeting this audience, reflecting competitive interest in lifestyle footwear. The keyword difficulty of 66.4 indicates moderate competition, likely due to similar keywords like ""shoes"" and ""nike shoes,"" which have high volume but higher difficulty. To optimize, consider using long-tail variations or localizing the ad to urban settings to enhance relevance and reduce competition."
https://example.com/nike_casual_shoes.jpg,nike shoes for fashion-forward adults,431904,0.79,61.4,0.8,0.46,0.80,nike shoes for men (volume: 49500); nike shoes (volume: 550000); nike shoes (volume: 550000); nike shoes (volume: 550000); nike shoes (volume: 550000),"The keyword ""nike shoes for fashion-forward adults"" aligns perfectly with the ad's intent and target audience, appealing to 18-40-year-olds interested in fashion and urban culture. The high search volume (431,904) indicates strong interest, while the CPC of $0.79 suggests a moderate cost for clicks, reflecting competitive interest without being prohibitively expensive. The keyword difficulty of 61.4 indicates a challenging landscape, likely due to similar keywords like ""nike shoes,"" which have higher volumes but also higher competition. To optimize, consider using long-tail variations or localizing the ad to capture niche audiences, enhancing relevance and potentially lowering competition."
https://example.com/nike_casual_shoes.jpg,nike shoes for urban culture,431904,0.79,61.4,0.8,0.46,0.80,nike shoes for men (volume: 49500); nike shoes (volume: 550000); nike shoes (volume: 550000); nike shoes (volume: 550000); nike shoes (volume: 550000),"The keyword ""nike shoes for urban culture"" aligns perfectly with the ad's intent and target audience, as it directly appeals to the lifestyle and fashion interests of individuals aged 18-40 in urban settings. The high search volume (431,904) indicates strong interest, while the CPC of $0.79 suggests a reasonable cost for targeting this niche. The keyword difficulty (61.4) and competition (0.77) reflect a competitive landscape, likely due to its relevance to urban fashion trends. To optimize, consider incorporating localized content or influencer partnerships to enhance visibility and engagement within this demographic."
https://example.com/nike_running_shoes.jpg,what makes nike shoes unique,475200,0.82,58.0,0.8,0.43,0.80,nike shoes (volume: 550000); nike shoes (volume: 550000); nike shoes (volume: 550000); nike shoes (volume: 550000); nike shoes (volume: 550000),"The keyword ""what makes nike shoes unique"" aligns with the ad's intent and audience by addressing specific pain points like foot discomfort and performance, appealing to the active 18-35 demographic. The high search volume (475,200) indicates strong interest, while the CPC ($0.82) suggests a cost-effective opportunity compared to similar keywords. The keyword difficulty (58) and competition (0.77) imply moderate challenge, indicating potential for visibility with strategic optimization. To enhance performance, consider incorporating user testimonials or unique selling points in the ad copy to resonate with the audience's desire for quality and differentiation."
https://example.com/nike_running_shoes.jpg,nike shoes for better endurance,431904,0.79,61.4,0.8,0.39,0.80,nike shoes for men (volume: 49500); nike shoes (volume: 550000); nike shoes (volume: 550000); nike shoes (volume: 550000); nike shoes (volume: 550000),"The keyword ""nike shoes for better endurance"" aligns perfectly with the ad's intent and target audience, as it directly addresses the pain points of foot discomfort and lack of endurance for athletes aged 18-35. The high search volume of 431,904 indicates strong interest, while the CPC of $0.79 suggests a reasonable investment for potential returns, especially compared to similar keywords. The keyword difficulty of 61.4 and competition of 0.77 imply moderate competition, making it feasible to rank well. To optimize, consider incorporating long-tail variations and focusing on content that highlights endurance benefits, enhancing relevance and engagement."
https://example.com/nike_running_shoes.jpg,best nike shoes for fitness enthusiasts,431904,0.79,61.4,0.8,0.39,0.80,nike shoes for men (volume: 49500); nike shoes (volume: 550000); nike shoes (volume: 550000); nike shoes (volume: 550000); nike shoes (volume: 550000),"The keyword ""best nike shoes for fitness enthusiasts"" aligns perfectly with the ad's intent and audience, targeting active individuals aged 18-35 who seek premium athletic footwear. The high search volume (431,904) indicates strong interest, while the CPC of $0.79 suggests a reasonable cost for competitive visibility. The keyword difficulty of 61.4 reflects moderate competition, likely due to similar keywords like ""nike shoes,"" which have higher volumes but also higher difficulty. To optimize performance, consider incorporating long-tail variations and focusing on specific pain points, such as comfort and endurance, to enhance relevance and engagement."
https://example.com/nike_running_shoes.jpg,nike shoes for foot support,431904,0.79,61.4,0.8,0.39,0.80,nike shoes for men (volume: 49500); nike shoes (volume: 550000); nike shoes (volume: 550000); nike shoes (volume: 550000); nike shoes (volume: 550000),"The keyword ""nike shoes for foot support"" aligns with the ad's intent and target audience, as it addresses pain points like foot discomfort while appealing to fitness enthusiasts aged 18-35. The high search volume (431,904) indicates strong interest, while the CPC of $0.79 suggests a reasonable cost for targeting this niche. The keyword difficulty of 61.4 reflects moderate competition, likely due to similar keywords like ""nike shoes,"" which have higher volume but also higher competition. To optimize, consider using long-tail variations or local targeting to reduce competition and improve ad relevance, potentially enhancing conversion rates."
https://example.com/nike_running_shoes.jpg,nike shoes for diverse athletes,431904,0.79,61.4,0.8,0.39,0.80,nike shoes for men (volume: 49500); nike shoes (volume: 550000); nike shoes (volume: 550000); nike shoes (volume: 550000); nike shoes (volume: 550000),"The keyword ""nike shoes for diverse athletes"" aligns with the ad's intent and audience by targeting a broad demographic interested in running and fitness, addressing pain points like foot discomfort and performance. The high search volume (431,904) indicates strong interest, while the CPC ($0.79) suggests a reasonable cost for competitive visibility. The keyword difficulty (61.4) and competition (0.77) reflect a moderately challenging landscape, likely due to similar keywords like ""nike shoes,"" which have higher volume but also higher competition. To optimize, consider incorporating long-tail variations or specific athlete types to capture niche segments and improve ad relevance."
https://example.com/nike_basketball_shoes.jpg,Nike PG 1 review,11616,0.59,40.0,0.2,0.29,0.40,pg 6 (volume: 12100),"The keyword ""Nike PG 1 review"" aligns with the ad's intent and audience as it targets basketball enthusiasts aged 16-30 who are researching footwear options, addressing their pain points like ankle support and grip. The estimated search volume of 11,616 indicates strong interest, while a CPC of $0.59 and a competition score of 0.19 suggest a cost-effective opportunity for visibility. The keyword difficulty of 40 indicates moderate competition, similar to ""pg 6,"" which can help gauge performance expectations. To optimize, consider incorporating user-generated content or testimonials in the ad to enhance credibility and engagement."
https://example.com/nike_casual_shoes.jpg,what makes a sneaker versatile,109728,0.47,48.7,0.7,0.25,0.60,nike womens sneaker (volume: 3600); shop sneaker deals (volume: 450000); nike al8 sneaker - women's (volume: 3600),"The keyword ""what makes a sneaker versatile"" aligns with the ad's intent and audience by addressing the pain points of comfort, style, and versatility in casual footwear, appealing to the urban lifestyle of the 18-40 demographic. The high search volume (109,728) indicates strong interest, while the CPC of $0.47 suggests a cost-effective investment compared to similar keywords. The difficulty score of 48.7 indicates moderate competition, allowing for potential visibility. To optimize, consider incorporating lifestyle imagery and testimonials in the ad to enhance engagement and relevance, leveraging the keyword's strengths to improve brand perception in the lifestyle category."
https://example.com/nike_basketball_shoes.jpg,basketball footwear for all-day comfort,56992,0.43,48.6,0.7,0.23,0.80,basketball shoes for men (volume: 12100); nike basketball (volume: 8100); basketball shoes (volume: 246000); nike basketball shoes (volume: 49500); basketball shorts (volume: 40500),"The keyword ""basketball footwear for all-day comfort"" aligns with the ad's intent and audience by addressing the pain points of ankle support and impact protection, appealing to the active lifestyle of 16-30-year-olds interested in basketball. The estimated search volume of 56,992 suggests strong interest, while the CPC of $0.43 indicates a reasonable cost for targeting this audience. The difficulty score of 48.6 and competition of 0.70 suggest moderate competition, allowing for effective targeting without excessive bidding. To optimize, consider incorporating related long-tail keywords and focusing on content that highlights comfort features to enhance relevance and engagement."
https://example.com/nike_casual_shoes.jpg,how to choose the right sneaker size,2880,0.63,61.0,0.4,0.22,0.50,nike womens sneaker (volume: 3600); nike shoe size (volume: 4400),"The keyword ""how to choose the right sneaker size"" aligns with the ad's intent and audience by addressing common pain points related to comfort and fit, appealing to the 18-40 age range interested in fashion and lifestyle. The estimated search volume of 2880 suggests a solid interest level, while the CPC of $0.63 indicates a moderate cost for clicks, reflecting competition in the casual footwear market. The keyword difficulty of 61.0 suggests a competitive landscape, yet a competition score of 0.37 indicates room for effective targeting. To optimize, consider incorporating this keyword into engaging content that addresses sizing tips, enhancing user experience and brand perception."
https://example.com/nike_casual_shoes.jpg,unique sneaker designs,152400,0.52,48.7,1.0,0.22,0.60,nike womens sneaker (volume: 3600); shop sneaker deals (volume: 450000); nike al8 sneaker - women's (volume: 3600),"The keyword ""unique sneaker designs"" aligns well with the ad's intent and target audience, appealing to fashion-conscious individuals aged 18-40 interested in lifestyle and urban culture. The high search volume of 152,400 indicates strong interest, while a CPC of $0.52 suggests a reasonable cost for targeting this audience. The keyword difficulty of 48.7 indicates moderate competition, likely influenced by similar keywords like ""shop sneaker deals,"" which has high volume but lower difficulty. To optimize performance, consider incorporating lifestyle imagery and user-generated content to enhance engagement and brand perception."
https://example.com/nike_basketball_shoes.jpg,basketball shoes for jumping,52016,0.38,52.8,0.7,0.21,0.80,basketball shoes for men (volume: 12100); basketball shoes (volume: 246000); nike basketball shoes (volume: 49500); basketball shoes nike (volume: 5400); jordan basketball shoes (volume: 12100),"The keyword ""basketball shoes for jumping"" aligns with the ad's intent and audience by targeting young basketball enthusiasts seeking performance-enhancing footwear. The high search volume (52,016) indicates strong interest, while the CPC ($0.38) suggests cost-effectiveness compared to similar keywords. The keyword difficulty (52.8) and competition (0.70) reflect a moderately competitive landscape, indicating room for visibility. To optimize, consider incorporating specific pain points like ""ankle support"" in ad copy and landing pages to enhance relevance and engagement, potentially improving conversion rates."
https://example.com/nike_basketball_shoes.jpg,durable basketball shoes for young athletes,52016,0.38,52.8,0.7,0.21,0.80,basketball shoes for men (volume: 12100); basketball shoes (volume: 246000); nike basketball shoes (volume: 49500); basketball shoes nike (volume: 5400); jordan basketball shoes (volume: 12100),"The keyword ""durable basketball shoes for young athletes"" aligns with the ad's intent and audience by addressing specific pain points like ankle support and impact protection, appealing to the active lifestyle of 16-30-year-olds interested in basketball. The estimated search volume of 52,016 suggests strong interest, while the CPC of $0.38 indicates a cost-effective opportunity compared to similar keywords. The keyword difficulty of 52.8 and competition at 0.70 suggest moderate competition, allowing for potential visibility. To optimize, consider incorporating long-tail variations or local targeting to enhance relevance and reduce competition."
https://example.com/nike_basketball_shoes.jpg,basketball shoes for ankle support,52016,0.38,52.8,0.7,0.21,0.80,basketball shoes for men (volume: 12100); basketball shoes (volume: 246000); nike basketball shoes (volume: 49500); basketball shoes nike (volume: 5400); jordan basketball shoes (volume: 12100),"The keyword ""basketball shoes for ankle support"" aligns with the ad's intent and audience by addressing specific pain points—ankle support—important to basketball players aged 16-30. The high search volume (52,016) indicates strong interest, while the CPC of $0.38 suggests a cost-effective investment compared to similar keywords. The keyword difficulty (52.8) and competition (0.70) imply moderate competition, allowing for potential visibility. To optimize, consider incorporating related terms like ""impact protection"" in ad copy and targeting specific demographics within the audience to enhance relevance and engagement."
https://example.com/nike_basketball_shoes.jpg,comfortable basketball shoes for streetwear,52016,0.38,52.8,0.7,0.21,0.80,basketball shoes for men (volume: 12100); basketball shoes (volume: 246000); nike basketball shoes (volume: 49500); basketball shoes nike (volume: 5400); jordan basketball shoes (volume: 12100),"The keyword ""comfortable basketball shoes for streetwear"" aligns with the ad's intent and audience by addressing the target demographic's interests in basketball and urban culture while emphasizing comfort, a key pain point. The estimated search volume of 52,016 suggests strong interest, likely influenced by similar keywords like ""basketball shoes"" and ""nike basketball shoes,"" which have high volumes. The CPC of $0.38 indicates a cost-effective opportunity, while a difficulty of 52.8 and competition of 0.70 suggest moderate competition, allowing for potential visibility. To optimize, consider incorporating related terms like ""urban"" or ""fashionable"" in ad copy to enhance relevance and attract clicks."
https://example.com/nike_basketball_shoes.jpg,top-rated basketball shoes for casual players,52016,0.38,52.8,0.7,0.21,0.80,basketball shoes for men (volume: 12100); basketball shoes (volume: 246000); nike basketball shoes (volume: 49500); basketball shoes nike (volume: 5400); jordan basketball shoes (volume: 12100),"The keyword ""top-rated basketball shoes for casual players"" aligns perfectly with the ad's intent and audience, targeting young basketball enthusiasts seeking quality footwear that addresses their pain points like ankle support and court grip. The high search volume (52,016) indicates strong interest, while the CPC ($0.38) suggests cost-effective advertising compared to similar keywords. The keyword difficulty (52.8) and competition (0.70) imply a moderately competitive landscape, allowing for effective positioning. To optimize, consider incorporating user reviews or testimonials in the ad to enhance credibility and appeal to the target audience's desire for quality and style."
https://example.com/nike_basketball_shoes.jpg,basketball shoes for fitness enthusiasts,53632,0.41,54.2,0.7,0.21,0.80,basketball shoes for men (volume: 12100); basketball shoes (volume: 246000); nike basketball shoes (volume: 49500); basketball shoes nike (volume: 5400); mens basketball shoes (volume: 22200),"The keyword ""basketball shoes for fitness enthusiasts"" aligns perfectly with the ad's intent and target audience, as it directly addresses the needs of active individuals aged 16-30 interested in basketball and fitness. The estimated search volume of 53,632 suggests strong interest, while the CPC of $0.41 indicates a cost-effective opportunity compared to similar keywords. The keyword difficulty of 54.2 and competition of 0.70 imply moderate competition, allowing for potential visibility. To optimize, consider incorporating long-tail variations or localized terms to capture niche audiences and improve ad relevance."
https://example.com/nike_basketball_shoes.jpg,impact protection basketball shoes,53632,0.37,53.4,0.7,0.21,0.80,basketball shoes (volume: 246000); nike basketball shoes (volume: 49500); basketball shoes nike (volume: 5400); jordan basketball shoes (volume: 12100); mens basketball shoes (volume: 22200),"The keyword ""impact protection basketball shoes"" aligns perfectly with the ad's intent and target audience, as it addresses specific pain points like ankle support and impact protection that resonate with basketball players aged 16-30. The search volume of 53,632 suggests strong interest, while the CPC of $0.37 indicates a cost-effective opportunity compared to similar keywords. The difficulty score of 53.4 and competition of 0.70 suggest moderate competition, allowing for potential visibility. To optimize, consider incorporating related terms like ""basketball shoes"" in the ad copy to enhance relevance and capture broader searches while maintaining focus on impact protection features."
https://example.com/nike_basketball_shoes.jpg,basketball shoes that enhance performance,53632,0.37,53.4,0.7,0.21,0.80,basketball shoes (volume: 246000); nike basketball shoes (volume: 49500); basketball shoes nike (volume: 5400); jordan basketball shoes (volume: 12100); mens basketball shoes (volume: 22200),"The keyword ""basketball shoes that enhance performance"" aligns perfectly with the ad's intent and target audience, as it addresses specific pain points like ankle support and court grip, appealing to young basketball enthusiasts. The estimated search volume of 53,632 suggests strong interest, while the CPC of $0.37 indicates a cost-effective opportunity compared to similar keywords. The difficulty score of 53.4 reflects moderate competition, suggesting a balanced chance for visibility. To optimize, consider incorporating this keyword into engaging content that highlights performance benefits, and use targeted ads to reach the defined audience effectively."
https://example.com/nike_running_shoes.jpg,best running shoes for comfort,60544,0.68,58.6,0.7,0.21,0.80,running shoes for women (volume: 22200); nike running shoes for men (volume: 14800); nike running shoes for women (volume: 5400); running shoes (volume: 201000); nike running shoes (volume: 135000),"The keyword ""best running shoes for comfort"" aligns perfectly with the ad's intent and target audience, as it directly addresses the pain points of foot discomfort and performance issues for active individuals aged 18-35. The high search volume of 60,544 suggests strong interest, while the CPC of $0.68 indicates a reasonable cost for targeting this competitive niche. The keyword difficulty of 58.6 and competition of 0.70 reflect a moderately challenging landscape, likely influenced by similar keywords like ""running shoes for women."" To optimize, consider incorporating long-tail variations and focusing on unique selling points of Nike's premium shoes to enhance visibility and conversion rates."
https://example.com/nike_running_shoes.jpg,trendy running shoes for active lifestyle,60544,0.68,58.6,0.7,0.21,0.80,running shoes for women (volume: 22200); nike running shoes for men (volume: 14800); nike running shoes for women (volume: 5400); running shoes (volume: 201000); nike running shoes (volume: 135000),"The keyword ""trendy running shoes for active lifestyle"" aligns perfectly with the ad's intent and target audience, appealing to young, fitness-oriented consumers seeking stylish, high-performance footwear. The high search volume of 60,544 indicates strong interest, while the CPC of $0.68 suggests a reasonable cost for targeting this competitive niche. The keyword difficulty of 58.6 reflects a moderately challenging landscape, likely due to similar keywords like ""running shoes for women,"" which have lower volumes but higher competition. To optimize performance, consider incorporating long-tail variations or localized terms to capture niche segments and improve ad relevance."
https://example.com/nike_running_shoes.jpg,comfortable running shoes for all-day wear,60544,0.68,58.6,0.7,0.21,0.80,running shoes for women (volume: 22200); nike running shoes for men (volume: 14800); nike running shoes for women (volume: 5400); running shoes (volume: 201000); nike running shoes (volume: 135000),"The keyword ""comfortable running shoes for all-day wear"" aligns perfectly with the ad's intent and target audience, as it addresses the pain points of foot discomfort and endurance while appealing to fitness enthusiasts aged 18-35. The high search volume (60,544) indicates strong interest, while the CPC ($0.68) suggests a reasonable cost for targeting this competitive niche. The keyword difficulty (58.6) and competition (0.70) reflect a moderately challenging landscape, likely influenced by similar keywords that cater to specific demographics. To optimize, consider incorporating long-tail variations or localized terms to enhance visibility and reduce competition."
https://example.com/nike_running_shoes.jpg,high-quality running shoes for performance,60544,0.68,58.6,0.7,0.21,0.80,running shoes for women (volume: 22200); nike running shoes for men (volume: 14800); nike running shoes for women (volume: 5400); running shoes (volume: 201000); nike running shoes (volume: 135000),"The keyword ""high-quality running shoes for performance"" aligns perfectly with the ad's intent and target audience, as it directly addresses the needs of athletes seeking premium footwear to enhance their running experience. The high search volume of 60,544 indicates strong interest, while the CPC of $0.68 suggests a reasonable cost for targeting this engaged audience. The keyword difficulty of 58.6 and competition of 0.70 reflect a competitive landscape, likely due to similar keywords like ""running shoes for women,"" which indicates a saturated market. To optimize, consider incorporating long-tail variations or localized terms to improve visibility and reduce competition."
https://example.com/nike_running_shoes.jpg,stylish running shoes for young adults,60544,0.68,58.6,0.7,0.21,0.80,running shoes for women (volume: 22200); nike running shoes for men (volume: 14800); nike running shoes for women (volume: 5400); running shoes (volume: 201000); nike running shoes (volume: 135000),"The keyword ""stylish running shoes for young adults"" aligns perfectly with the ad's intent and audience, targeting 18-35-year-olds interested in fitness and athletics. The high search volume (60,544) indicates strong interest, while the CPC ($0.68) suggests a reasonable cost for reaching this demographic. The keyword difficulty (58.6) and competition (0.70) reflect a competitive market, likely due to similar keywords like ""running shoes for women,"" which have lower volumes but higher competition. To optimize, consider incorporating long-tail variations or specific styles to capture niche searches and improve ad relevance."
https://example.com/nike_basketball_shoes.jpg,what to look for in basketball shoes,46814,0.35,52.8,0.7,0.21,0.80,basketball shoes (volume: 246000); basketball shoes for men (volume: 12100); nike basketball shoes (volume: 49500); basketball shoes nike (volume: 5400); jordan basketball shoes (volume: 12100),"The keyword ""what to look for in basketball shoes"" aligns well with the ad's intent and audience, as it addresses common pain points like ankle support and court grip, appealing to young basketball enthusiasts. The estimated search volume of 46,814 indicates strong interest, while the CPC of $0.35 suggests cost-effectiveness compared to similar keywords. The difficulty score of 52.8 and competition of 0.70 imply moderate competition, allowing for potential visibility. To optimize, consider incorporating this keyword in blog content or FAQs on the product page to enhance organic reach and educate consumers about the new shoe line."
https://example.com/nike_basketball_shoes.jpg,what makes a good basketball shoe,45014,0.41,55.6,0.7,0.21,0.80,basketball shoes (volume: 246000); good nike shoes (volume: 3600); nike basketball (volume: 8100); nike basketball shoes (volume: 49500); basketball shoes nike (volume: 5400),"The keyword ""what makes a good basketball shoe"" aligns with the ad's intent and audience by addressing common pain points like ankle support and grip, appealing to the 16-30 age range interested in basketball. The estimated search volume of 45,014 indicates strong interest, while the CPC of $0.41 suggests a reasonable cost for targeted traffic. The keyword difficulty of 55.6 indicates moderate competition, likely influenced by similar keywords like ""basketball shoes"" with higher volume but also higher competition. To optimize, consider incorporating this keyword into engaging content that highlights product features and benefits, enhancing SEO and user engagement."
https://example.com/nike_basketball_shoes.jpg,how to choose basketball shoes,48268,0.33,53.4,0.7,0.21,0.80,basketball shoes (volume: 246000); nike basketball shoes (volume: 49500); basketball shoes nike (volume: 5400); jordan basketball shoes (volume: 12100); mens basketball shoes (volume: 22200),"The keyword ""how to choose basketball shoes"" aligns with the ad's intent and audience by addressing common pain points like ankle support and grip, appealing to the 16-30 age range interested in basketball. The metrics reflect a solid search volume (48,268) indicating strong interest, while a CPC of $0.33 suggests cost-effectiveness compared to similar keywords. The difficulty score of 53.4 indicates moderate competition, making it a viable target for awareness campaigns. To optimize, consider incorporating long-tail variations and educational content to enhance engagement and improve search rankings."
https://example.com/nike_basketball_shoes.jpg,why ankle support matters in basketball shoes,48268,0.33,53.4,0.7,0.21,0.80,basketball shoes (volume: 246000); nike basketball shoes (volume: 49500); basketball shoes nike (volume: 5400); jordan basketball shoes (volume: 12100); mens basketball shoes (volume: 22200),"The keyword ""why ankle support matters in basketball shoes"" aligns with the ad's intent and audience by addressing a specific pain point—ankle support—relevant to basketball players aged 16-30. The search volume of 48,268 indicates strong interest, while a CPC of $0.33 suggests cost-effectiveness compared to similar keywords. The keyword difficulty of 53.4 indicates moderate competition, likely due to the popularity of related terms like ""basketball shoes."" To optimize, consider incorporating this keyword into educational content or blog posts that highlight the benefits of ankle support, enhancing engagement and driving traffic to the ad."
https://example.com/nike_basketball_shoes.jpg,basketball shoes with stylish design,51376,0.50,60.6,0.7,0.21,0.80,basketball shoes (volume: 246000); shoes with nike (volume: 8100); nike basketball shoes (volume: 49500); basketball shoes nike (volume: 5400); jordan basketball shoes (volume: 12100),"The keyword ""basketball shoes with stylish design"" aligns well with the ad's intent and target audience, as it appeals to young, urban basketball enthusiasts who value both performance and aesthetics. The estimated search volume of 51,376 indicates strong interest, while the CPC of $0.50 suggests cost-effectiveness compared to similar keywords. The difficulty score of 60.6 reflects moderate competition, likely due to the popularity of basketball footwear. To optimize performance, consider incorporating visuals that highlight style alongside functionality, and use targeted social media campaigns to engage the audience further."
https://example.com/nike_basketball_shoes.jpg,basketball shoes with court grip,51376,0.50,60.6,0.7,0.21,0.80,basketball shoes (volume: 246000); shoes with nike (volume: 8100); nike basketball shoes (volume: 49500); basketball shoes nike (volume: 5400); jordan basketball shoes (volume: 12100),"The keyword ""basketball shoes with court grip"" aligns with the ad's intent and audience by addressing specific pain points like court grip and ankle support, appealing to young basketball enthusiasts. The estimated search volume of 51,376 indicates strong interest, while a CPC of $0.50 suggests cost-effectiveness compared to similar keywords. The difficulty score of 60.6 and competition of 0.70 indicate moderate competition, allowing for potential visibility. To optimize, consider incorporating this keyword in ad copy and landing pages, and leverage long-tail variations to capture niche searches and improve ranking."
https://example.com/nike_running_shoes.jpg,how to select running shoes for your needs,54489,0.61,58.6,0.7,0.21,0.80,running shoes for women (volume: 22200); nike running shoes for men (volume: 14800); nike running shoes for women (volume: 5400); running shoes (volume: 201000); nike running shoes (volume: 135000),"The keyword ""how to select running shoes for your needs"" aligns perfectly with the ad's intent and target audience, as it addresses common pain points like foot discomfort and performance issues while appealing to fitness enthusiasts aged 18-35. The high search volume (54,489) indicates strong interest, while the CPC ($0.61) suggests a cost-effective investment compared to similar keywords. The keyword difficulty (58.6) and competition (0.70) reflect a moderately competitive landscape, indicating potential for visibility. To optimize, consider incorporating long-tail variations and content that directly addresses specific needs, enhancing relevance and engagement."
https://example.com/nike_running_shoes.jpg,affordable premium running shoes,56032,0.74,61.0,0.7,0.20,0.80,running shoes (volume: 201000); nike running shoes (volume: 135000); running shoes nike (volume: 5400); mens nike running shoes (volume: 4400); nike running shoes men (volume: 4400),"The keyword ""affordable premium running shoes"" aligns with the ad's intent to target middle to high-income individuals aged 18-35 who are interested in running and fitness, addressing their pain points of discomfort and performance. The estimated search volume of 56,032 suggests a strong interest, while the CPC of $0.74 indicates a cost-effective opportunity compared to similar keywords, which have higher CPCs. The difficulty score of 61 and competition of 0.70 suggest moderate competition, indicating potential for effective targeting. To optimize, consider incorporating long-tail variations and focusing on ad copy that emphasizes comfort and performance benefits to attract clicks."
https://example.com/nike_running_shoes.jpg,running shoes that fit well,56032,0.74,61.0,0.7,0.20,0.80,running shoes (volume: 201000); nike running shoes (volume: 135000); running shoes nike (volume: 5400); mens nike running shoes (volume: 4400); nike running shoes men (volume: 4400),"The keyword ""running shoes that fit well"" aligns with the ad's intent and audience by addressing specific pain points like foot discomfort, appealing to the 18-35 age range interested in running and fitness. Its search volume of 56,032 indicates strong interest, while a CPC of $0.74 suggests cost-effectiveness compared to similar keywords, which have higher CPCs. The difficulty score of 61 and competition of 0.70 indicate a moderately competitive landscape, suggesting potential for good performance. To optimize, consider incorporating this keyword into ad copy and landing pages, emphasizing fit and comfort to resonate with the target audience's needs."
https://example.com/nike_running_shoes.jpg,running shoes that enhance performance,56032,0.74,61.0,0.7,0.20,0.80,running shoes (volume: 201000); nike running shoes (volume: 135000); running shoes nike (volume: 5400); mens nike running shoes (volume: 4400); nike running shoes men (volume: 4400),"The keyword ""running shoes that enhance performance"" aligns perfectly with the ad's intent and target audience, as it directly addresses the pain points of foot discomfort and slow performance while appealing to fitness enthusiasts aged 18-35. The estimated search volume of 56,032 suggests a strong interest in performance-enhancing footwear, while the CPC of $0.74 indicates a cost-effective opportunity compared to similar keywords. The difficulty score of 61 and competition of 0.70 suggest moderate competition, allowing for potential visibility. To optimize, consider incorporating this keyword into ad copy and landing pages, and use targeted ads to reach the specified demographic effectively."
https://example.com/nike_basketball_shoes.jpg,best shoes for recreational basketball players,58000,0.40,58.0,0.7,0.20,0.80,basketball shoes for men (volume: 12100); basketball shoes (volume: 246000); nike basketball shoes (volume: 49500); basketball shoes nike (volume: 5400); nike shoes for men (volume: 49500),"The keyword ""best shoes for recreational basketball players"" aligns perfectly with the ad's intent and audience, targeting young basketball enthusiasts seeking quality footwear. The estimated search volume of 58,000 indicates strong interest, while the CPC of $0.40 suggests cost-effectiveness compared to similar keywords. The keyword difficulty of 58 and competition of 0.70 reflect a moderately competitive landscape, indicating potential for visibility. To optimize, consider incorporating long-tail variations and focusing on specific pain points like ankle support and court grip in the ad copy to enhance relevance and engagement."
https://example.com/nike_basketball_shoes.jpg,how to improve basketball skills with shoes,45662,0.45,60.0,0.7,0.20,0.80,basketball shoes (volume: 246000); shoes with nike (volume: 8100); nike basketball shoes (volume: 49500); basketball shoes nike (volume: 5400); nike basketball (volume: 8100),"The keyword ""how to improve basketball skills with shoes"" aligns with the ad's intent and audience by addressing common pain points like ankle support and grip, appealing to young basketball enthusiasts. Its search volume of 45,662 indicates strong interest, while a CPC of $0.45 suggests cost-effectiveness compared to similar keywords. The difficulty score of 60 and competition of 0.70 imply moderate challenges, indicating room for optimization. To enhance performance, consider creating content that directly addresses skill improvement through specific shoe features, and utilize engaging visuals to capture the target audience's attention effectively."
https://example.com/nike_running_shoes.jpg,nike running shoes for foot discomfort,72652,0.68,58.6,0.8,0.20,0.80,nike running shoes for men (volume: 14800); nike running shoes for women (volume: 5400); nike running shoes (volume: 135000); running shoes for women (volume: 22200); running shoes (volume: 201000),"The keyword ""nike running shoes for foot discomfort"" aligns with the ad's intent and target audience, as it directly addresses the pain points of foot discomfort while appealing to fitness enthusiasts aged 18-35. The high search volume (72,652) indicates strong interest, while the CPC of $0.68 suggests a reasonable cost for targeting this niche. The keyword difficulty of 58.6 and competition of 0.77 imply moderate competition, making it a viable option for standing out. To optimize, consider incorporating long-tail variations and focusing on content that highlights comfort features, which can enhance relevance and improve conversion rates."
https://example.com/nike_casual_shoes.jpg,versatile shoes for everyday wear,16640,0.46,57.2,0.7,0.20,0.80,nike shoes for men (volume: 49500); running shoes for women (volume: 22200); basketball shoes for men (volume: 12100); nike running shoes for men (volume: 14800); nike running shoes for women (volume: 5400),"The keyword ""versatile shoes for everyday wear"" aligns with the ad's intent and target audience, appealing to 18-40-year-olds interested in fashion and urban culture. Its search volume of 16,640 suggests a strong interest in casual footwear, while a CPC of $0.46 indicates a reasonable cost for potential conversions. The keyword difficulty of 57.2 and competition of 0.70 suggest moderate competition, making it accessible for Nike to improve brand perception in the lifestyle category. To optimize, Nike should incorporate lifestyle imagery and user-generated content to enhance engagement and relevance, leveraging the keyword's versatility to attract a broader audience."
https://example.com/nike_basketball_shoes.jpg,Nike basketball shoes for dribbling,61651,0.38,52.2,0.8,0.20,0.80,nike basketball shoes (volume: 49500); basketball shoes for men (volume: 12100); basketball shoes (volume: 246000); nike basketball (volume: 8100); basketball shoes nike (volume: 5400),"The keyword ""Nike basketball shoes for dribbling"" aligns with the ad's intent and target audience, as it addresses specific pain points like ankle support and court grip, appealing to young basketball enthusiasts. The estimated search volume of 61,651 suggests strong interest, while a CPC of $0.38 indicates cost-effectiveness compared to similar keywords, which have higher CPCs. The keyword difficulty of 52.2 and competition of 0.77 suggest moderate competition, allowing for potential visibility. To optimize, consider incorporating long-tail variations and focusing on content that highlights the shoe's features related to dribbling, enhancing relevance and engagement."
https://example.com/nike_basketball_shoes.jpg,Nike basketball shoes for urban culture,61651,0.38,52.2,0.8,0.20,0.80,nike basketball shoes (volume: 49500); basketball shoes for men (volume: 12100); basketball shoes (volume: 246000); nike basketball (volume: 8100); basketball shoes nike (volume: 5400),"The keyword ""Nike basketball shoes for urban culture"" aligns perfectly with the ad's intent and target audience, as it directly addresses the interests of young basketball enthusiasts immersed in urban culture. The high search volume (61,651) indicates strong interest, while the CPC ($0.38) suggests cost-effectiveness compared to similar keywords. The moderate difficulty (52.2) and high competition (0.77) reflect a competitive landscape, indicating that while it’s popular, there’s room for effective targeting. To optimize, consider incorporating urban culture-related content in the ad and using social media platforms popular among the target demographic to enhance visibility and engagement."
https://example.com/nike_running_shoes.jpg,how to choose the right running shoes,50428,0.67,61.0,0.7,0.20,0.80,running shoes (volume: 201000); nike running shoes (volume: 135000); running shoes nike (volume: 5400); mens nike running shoes (volume: 4400); nike running shoes men (volume: 4400),"The keyword ""how to choose the right running shoes"" aligns with the ad's intent and audience by addressing common pain points like foot discomfort and performance, appealing to the 18-35 age group interested in running. The search volume of 50,428 indicates significant interest, while a CPC of $0.67 suggests cost-effectiveness compared to similar keywords. The keyword difficulty of 61 and competition of 0.70 imply moderate competition, allowing for potential visibility. To optimize, incorporate this keyword in engaging content that educates consumers on selecting shoes, enhancing relevance and driving conversions."
https://example.com/nike_running_shoes.jpg,how to find stylish running shoes,50428,0.67,61.0,0.7,0.20,0.80,running shoes (volume: 201000); nike running shoes (volume: 135000); running shoes nike (volume: 5400); mens nike running shoes (volume: 4400); nike running shoes men (volume: 4400),"The keyword ""how to find stylish running shoes"" aligns with the ad's intent and audience by addressing the target demographic's desire for both performance and aesthetics in athletic footwear. The estimated search volume of 50,428 indicates strong interest, while a CPC of $0.67 suggests a cost-effective opportunity compared to similar keywords. The keyword difficulty of 61 and competition of 0.70 imply a moderate challenge, indicating potential for effective targeting. To optimize, consider incorporating this keyword into engaging content that highlights style and performance benefits, and use it in ad copy to attract clicks from users actively seeking stylish options."
https://example.com/nike_casual_shoes.jpg,best sneakers for active lifestyle,47536,0.64,71.2,0.7,0.20,0.80,sneakers (volume: 201000); nike sneakers (volume: 60500); jordan sneakers (volume: 18100); nike sneakers women (volume: 12100); nike running sneakers (volume: 5400),"The keyword ""best sneakers for active lifestyle"" aligns with the ad's intent and audience by targeting individuals aged 18-40 interested in fashion and urban culture, seeking comfortable and stylish footwear. The search volume of 47,536 indicates strong interest, while the CPC of $0.64 suggests cost-effectiveness compared to similar keywords like ""nike sneakers"" with higher CPCs. The difficulty of 71.2 indicates moderate competition, allowing for potential visibility. To optimize, focus on high-quality visuals and engaging content that highlights comfort and versatility, leveraging the urban setting to resonate with the target audience."
https://example.com/nike_casual_shoes.jpg,sneakers that fit diverse body types,47536,0.64,71.2,0.7,0.20,0.80,sneakers (volume: 201000); nike sneakers (volume: 60500); jordan sneakers (volume: 18100); nike sneakers women (volume: 12100); nike running sneakers (volume: 5400),"The keyword ""sneakers that fit diverse body types"" aligns with the ad's intent and audience by addressing comfort and versatility for a broad demographic interested in fashion and urban culture. The search volume of 47,536 indicates strong interest, while the CPC of $0.64 suggests cost-effective advertising compared to similar keywords like ""nike sneakers."" The keyword difficulty of 71.2 indicates moderate competition, likely due to the rising demand for inclusive sizing. To optimize, consider incorporating user-generated content showcasing diverse body types in the ad visuals, enhancing relatability and engagement."
https://example.com/nike_casual_shoes.jpg,popular sneakers among urban dwellers,47536,0.64,71.2,0.7,0.20,0.80,sneakers (volume: 201000); nike sneakers (volume: 60500); jordan sneakers (volume: 18100); nike sneakers women (volume: 12100); nike running sneakers (volume: 5400),"The keyword ""popular sneakers among urban dwellers"" aligns with the ad's intent and audience by targeting urban culture enthusiasts aged 18-40, seeking stylish and versatile footwear. The search volume of 47,536 indicates strong interest, while the CPC of $0.64 suggests cost-effectiveness compared to similar keywords like ""sneakers"" and ""nike sneakers."" The difficulty of 71.2 indicates moderate competition, implying a need for strategic targeting. To optimize, consider incorporating local urban elements in the ad and leveraging social media platforms popular among the target demographic to enhance engagement and brand perception."
https://example.com/nike_casual_shoes.jpg,fashionable sneakers for young adults,47536,0.64,71.2,0.7,0.20,0.80,sneakers (volume: 201000); nike sneakers (volume: 60500); jordan sneakers (volume: 18100); nike sneakers women (volume: 12100); nike running sneakers (volume: 5400),"The keyword ""fashionable sneakers for young adults"" aligns perfectly with the ad's intent and audience, targeting 18-40-year-olds interested in fashion and urban culture. The estimated search volume of 47,536 indicates strong interest, while a CPC of $0.64 suggests cost-effectiveness compared to similar keywords like ""nike sneakers."" The keyword difficulty of 71.2 indicates moderate competition, which is manageable given the high competition score of 0.70. To optimize performance, consider incorporating lifestyle imagery and user-generated content to enhance engagement and brand perception in the lifestyle category."
https://example.com/nike_casual_shoes.jpg,trendy sneakers for budget-conscious shoppers,47536,0.64,71.2,0.7,0.20,0.80,sneakers (volume: 201000); nike sneakers (volume: 60500); jordan sneakers (volume: 18100); nike sneakers women (volume: 12100); nike running sneakers (volume: 5400),"The keyword ""trendy sneakers for budget-conscious shoppers"" aligns perfectly with the ad's intent and audience, appealing to the 18-40 age range interested in fashion and urban culture while addressing their pain points of comfort and style. The estimated search volume of 47,536 suggests strong interest, while the CPC of $0.64 indicates a cost-effective opportunity compared to similar keywords. The difficulty score of 71.2 reflects moderate competition, suggesting that while it's competitive, there's still room for effective targeting. To optimize, consider incorporating local urban settings in visuals and emphasizing affordability in messaging to resonate with budget-conscious shoppers."
https://example.com/nike_casual_shoes.jpg,best value sneakers for young adults,47536,0.64,71.2,0.7,0.20,0.80,sneakers (volume: 201000); nike sneakers (volume: 60500); jordan sneakers (volume: 18100); nike sneakers women (volume: 12100); nike running sneakers (volume: 5400),"The keyword ""best value sneakers for young adults"" aligns with the ad's intent and target audience, as it addresses young adults seeking stylish, comfortable, and versatile footwear. The search volume of 47,536 indicates strong interest, while the CPC of $0.64 suggests cost-effectiveness compared to similar keywords like ""nike sneakers."" The difficulty score of 71.2 indicates moderate competition, reflecting the presence of established brands, while a competition level of 0.70 suggests room for effective targeting. To optimize, consider incorporating lifestyle imagery and user-generated content to enhance engagement and brand perception."
https://example.com/nike_casual_shoes.jpg,sneakers that combine comfort and style,47536,0.48,67.8,0.7,0.20,0.80,sneakers (volume: 201000); nike sneakers (volume: 60500); jordan sneakers (volume: 18100); nike sneakers women (volume: 12100); nike cortez sneakers (volume: 5400),"The keyword ""sneakers that combine comfort and style"" aligns perfectly with the ad's intent and target audience, as it addresses the pain points of comfort and style for urban lifestyle enthusiasts aged 18-40. The estimated search volume of 47,536 suggests strong interest, likely influenced by similar keywords like ""sneakers"" and ""nike sneakers,"" which have high volumes. The CPC of $0.48 indicates a cost-effective opportunity, while the difficulty of 67.8 and competition of 0.70 suggest a moderately competitive landscape, allowing for potential visibility. To optimize, consider incorporating this keyword into engaging content that highlights versatility and lifestyle integration, enhancing brand perception in the casual footwear category."
https://example.com/nike_running_shoes.jpg,best shoes for long-distance running,46864,0.54,60.8,0.7,0.19,0.80,running shoes for women (volume: 22200); nike running shoes for men (volume: 14800); nike running shoes for women (volume: 5400); running shoes (volume: 201000); nike shoes for men (volume: 49500),"The keyword ""best shoes for long-distance running"" aligns perfectly with the ad's intent and audience, targeting active individuals aged 18-35 who seek premium athletic footwear to address pain points like foot discomfort and performance issues. The high search volume (46,864) indicates strong interest, while the CPC ($0.54) suggests a cost-effective investment compared to similar keywords. The keyword difficulty (60.8) and competition (0.70) reflect a competitive landscape, emphasizing the need for compelling ad copy and visuals to stand out. To optimize, consider incorporating long-tail variations and user-generated content to enhance relevance and engagement."
https://example.com/nike_running_shoes.jpg,why choose nike running shoes,61671,0.74,60.0,0.8,0.19,0.80,nike running shoes (volume: 135000); running shoes (volume: 201000); mens nike running shoes (volume: 4400); nike running (volume: 12100); nike running shoes men (volume: 4400),"The keyword ""why choose nike running shoes"" aligns with the ad's intent and audience by addressing common pain points like foot discomfort and performance, appealing to the 18-35 age range interested in fitness. Its estimated search volume of 61,671 suggests strong interest, while a CPC of $0.74 indicates a reasonable cost for targeting this audience. The keyword difficulty of 60 and competition of 0.77 reflect a competitive landscape, suggesting that while challenging, there's significant potential for visibility. To optimize, consider incorporating customer testimonials or performance statistics in the ad to enhance relevance and engagement."
https://example.com/nike_casual_shoes.jpg,how to find stylish sneakers,42782,0.58,71.2,0.7,0.19,0.80,sneakers (volume: 201000); nike sneakers (volume: 60500); jordan sneakers (volume: 18100); nike sneakers women (volume: 12100); nike running sneakers (volume: 5400),"The keyword ""how to find stylish sneakers"" aligns with the ad's intent and target audience, as it addresses the pain points of comfort, style, and versatility for fashion-conscious individuals aged 18-40. The estimated search volume of 42,782 suggests a strong interest in stylish footwear, while a CPC of $0.58 indicates a cost-effective opportunity compared to similar keywords. The keyword difficulty of 71.2 reflects moderate competition, suggesting that while it's competitive, there's still room for effective targeting. To optimize, consider incorporating lifestyle imagery and user-generated content to enhance engagement and relevance."
https://example.com/nike_running_shoes.jpg,what are the best shoes for running,42177,0.49,60.8,0.7,0.19,0.80,running shoes for women (volume: 22200); nike running shoes for men (volume: 14800); nike running shoes for women (volume: 5400); running shoes (volume: 201000); nike shoes for men (volume: 49500),"The keyword ""what are the best shoes for running"" aligns perfectly with the ad's intent and target audience, as it directly addresses the pain points of foot discomfort and performance issues faced by runners aged 18-35. The high search volume (42,177) indicates strong interest, while the CPC of $0.49 suggests a cost-effective opportunity compared to similar keywords. The keyword difficulty of 60.8 reflects moderate competition, likely due to established brands like Nike. To optimize, consider incorporating long-tail variations or localized targeting to capture niche audiences and improve ad relevance, potentially enhancing click-through rates and conversions."
https://example.com/nike_casual_shoes.jpg,how to style casual sneakers,42782,0.48,69.6,0.7,0.19,0.80,sneakers (volume: 201000); nike casual shoes (volume: 5400); nike sneakers (volume: 60500); jordan sneakers (volume: 18100); nike sneakers women (volume: 12100),"The keyword ""how to style casual sneakers"" aligns perfectly with the ad's intent and target audience, as it addresses the pain points of comfort, style, and versatility in an urban lifestyle context. The high search volume (42,782) indicates significant interest, while the CPC ($0.48) suggests cost-effectiveness compared to similar keywords like ""sneakers"" ($0.72). The keyword difficulty (69.6) reflects moderate competition, indicating a balance between opportunity and challenge. To optimize, consider incorporating lifestyle imagery and user-generated content to enhance engagement and improve brand perception in the lifestyle category."
https://example.com/nike_casual_shoes.jpg,nike lifestyle sneakers for 18-40,57043,0.64,71.2,0.8,0.19,0.80,sneakers (volume: 201000); nike sneakers (volume: 60500); jordan sneakers (volume: 18100); nike sneakers women (volume: 12100); nike running sneakers (volume: 5400),"The keyword ""nike lifestyle sneakers for 18-40"" aligns perfectly with the ad's intent and target audience, as it directly addresses the interests of young adults seeking stylish, comfortable, and versatile footwear. The estimated search volume of 57,043 indicates significant interest, while the CPC of $0.64 suggests a cost-effective opportunity compared to similar keywords like ""nike sneakers"" with a higher CPC of $0.87. The keyword difficulty of 71.2 indicates moderate competition, allowing for potential visibility despite the 0.77 competition score. To optimize, consider incorporating long-tail variations and targeting specific urban lifestyle themes to enhance relevance and engagement."
https://example.com/nike_basketball_shoes.jpg,Nike shoes for competitive basketball,69600,0.40,58.0,0.8,0.19,0.80,basketball shoes for men (volume: 12100); nike shoes for men (volume: 49500); basketball shoes (volume: 246000); nike basketball shoes (volume: 49500); basketball shoes nike (volume: 5400),"The keyword ""Nike shoes for competitive basketball"" aligns perfectly with the ad's intent and target audience, as it directly addresses the needs of young basketball players seeking high-performance footwear. The high search volume of 69,600 indicates strong interest, while the CPC of $0.40 suggests a cost-effective investment compared to similar keywords. The keyword difficulty of 58 and competition of 0.77 imply moderate challenge, indicating room for visibility. To optimize, consider incorporating long-tail variations or localizing the ad to target specific urban areas where basketball culture thrives, enhancing relevance and engagement."
https://example.com/nike_casual_shoes.jpg,stylish urban footwear,100,1.00,50.0,0.5,0.19,0.20,,"The keyword ""stylish urban footwear"" aligns perfectly with the ad's intent and target audience, appealing to 18-40-year-olds interested in fashion and urban culture. The estimated search volume of 100 indicates niche interest, while a CPC of $1.00 suggests a cost-effective investment for targeted ads. The keyword difficulty of 50.0/100 and competition of 0.50 imply moderate competition, indicating potential for visibility with strategic bidding. To optimize, consider incorporating related lifestyle terms in ad copy and targeting urban-centric platforms to enhance engagement and brand perception."
https://example.com/nike_running_shoes.jpg,how to improve running performance with shoes,52070,0.88,71.2,0.7,0.18,0.80,shoes with nike (volume: 8100); running shoes (volume: 201000); nike running shoes (volume: 135000); running shoes nike (volume: 5400); nike running (volume: 12100),"The keyword ""how to improve running performance with shoes"" aligns with the ad's intent and audience by addressing common pain points like foot discomfort and slow performance, appealing to active individuals aged 18-35. The estimated search volume of 52,070 indicates strong interest, while the CPC of $0.88 suggests cost-effectiveness compared to similar keywords, indicating a competitive yet accessible market. The difficulty score of 71.2 reflects moderate competition, suggesting that while it's challenging, there's potential for visibility. To optimize, incorporate this keyword in engaging content that highlights shoe benefits and performance enhancements, and consider using long-tail variations to capture niche searches."
https://example.com/nike_running_shoes.jpg,running shoes with good support,56496,0.90,72.8,0.7,0.18,0.80,shoes with nike (volume: 8100); running shoes (volume: 201000); nike running shoes (volume: 135000); running shoes nike (volume: 5400); good nike shoes (volume: 3600),"The keyword ""running shoes with good support"" aligns with the ad's intent and audience by addressing specific pain points like foot discomfort and performance, appealing to active individuals aged 18-35. The estimated search volume of 56,496 indicates strong interest, while the CPC of $0.90 suggests a cost-effective investment compared to similar keywords. The difficulty score of 72.8 and competition of 0.70 indicate a moderately competitive landscape, implying potential for effective targeting. To optimize, consider incorporating long-tail variations or localized terms to enhance visibility and reduce competition while maintaining relevance to the target audience."
https://example.com/nike_running_shoes.jpg,premium athletic footwear for athletes,10608,0.95,64.2,0.7,0.18,0.80,nike for men (volume: 4400); nike for women (volume: 4400); nike shoes for men (volume: 49500); jordan air for 1 (volume: 4400); jordans for women (volume: 3600),"The keyword ""premium athletic footwear for athletes"" aligns perfectly with the ad's intent and target audience, as it directly addresses the needs of active individuals aged 18-35 seeking high-quality running shoes. The estimated search volume of 10,608 indicates significant interest, while the CPC of $0.95 suggests a reasonable cost for targeting this competitive niche. The keyword difficulty of 64.2 reflects a moderately challenging landscape, likely influenced by similar keywords like ""nike shoes for men,"" which has high volume but also high competition. To optimize, consider incorporating long-tail variations or localized terms to enhance visibility and reduce competition."
https://example.com/nike_running_shoes.jpg,durable athletic footwear for fitness enthusiasts,10608,0.95,64.2,0.7,0.18,0.80,nike for men (volume: 4400); nike for women (volume: 4400); nike shoes for men (volume: 49500); jordan air for 1 (volume: 4400); jordans for women (volume: 3600),"The keyword ""durable athletic footwear for fitness enthusiasts"" aligns with the ad's intent and audience by addressing the specific needs of active individuals aged 18-35 who prioritize performance and comfort. The estimated search volume of 10,608 indicates a solid interest level, while the CPC of $0.95 suggests a moderate investment for potential returns, reflecting the competitive landscape of athletic footwear. The difficulty score of 64.2 indicates a challenging but achievable ranking opportunity, given the high competition (0.70) from similar keywords. To optimize, consider incorporating long-tail variations or localized terms to enhance visibility and reduce competition."
https://example.com/nike_basketball_shoes.jpg,Nike basketball footwear,76104,0.41,46.4,1.0,0.16,0.80,nike basketball (volume: 8100); nike basketball shoes (volume: 49500); nike basketball shorts (volume: 8100); nike basketball bag (volume: 5400); basketball shoes (volume: 246000),"The keyword ""Nike basketball footwear"" aligns perfectly with the ad's intent and target audience, as it directly addresses the product category and resonates with basketball enthusiasts aged 16-30. The high search volume of 76,104 indicates strong interest, while the CPC of $0.41 suggests cost-effective advertising compared to similar keywords. The keyword difficulty of 46.4 indicates moderate competition, which, combined with a confidence score of 0.80, suggests good potential for performance. To optimize, consider incorporating long-tail variations like ""Nike basketball shoes for ankle support"" to capture specific pain points and improve relevance."
https://example.com/nike_running_shoes.jpg,nike athletic footwear for urban dwellers,12729,0.95,64.2,0.8,0.16,0.80,nike for men (volume: 4400); nike for women (volume: 4400); nike shoes for men (volume: 49500); jordan air for 1 (volume: 4400); jordans for women (volume: 3600),"The keyword ""nike athletic footwear for urban dwellers"" aligns well with the ad's intent and audience, targeting young, fitness-focused individuals seeking premium running shoes. The estimated search volume of 12,729 suggests a strong interest, while the CPC of $0.95 indicates a reasonable cost for competitive visibility. The keyword difficulty of 64.2 reflects moderate competition, likely influenced by similar keywords like ""nike shoes for men"" with high volume but higher difficulty. To optimize, consider incorporating urban lifestyle imagery in the ad and using location-based targeting to enhance relevance for urban dwellers, potentially improving engagement and conversion rates."
https://example.com/nike_casual_shoes.jpg,durable casual footwear options,4320,0.42,55.0,0.7,0.15,0.40,nike casual shoes (volume: 5400),"The keyword ""durable casual footwear options"" aligns well with the ad's intent and target audience, as it addresses their need for comfort, style, and versatility in urban settings. The estimated search volume of 4,320 suggests a solid interest in durable footwear, while the CPC of $0.42 indicates a cost-effective opportunity for engagement. The difficulty score of 55 and competition level of 0.70 reflect a moderately competitive landscape, suggesting that while there is interest, effective targeting can yield results. To optimize, consider incorporating lifestyle imagery and user-generated content to enhance relatability and appeal to the audience's fashion interests."
https://example.com/nike_running_shoes.jpg,nike running shoes,162000,0.98,64.0,1.0,0.15,0.40,nike running shoes (volume: 135000),"The keyword ""nike running shoes"" aligns perfectly with the ad's intent and target audience, as it directly addresses individuals aged 18-35 interested in running and fitness, who are likely seeking premium athletic footwear. The high search volume of 162,000 indicates strong demand, while the CPC of $0.98 suggests a competitive but manageable cost for ads. The difficulty score of 64 and competition level of 1.00 reflect a saturated market, necessitating strategic ad placements. To optimize performance, consider using long-tail variations or local targeting to reduce competition and enhance relevance, while addressing specific pain points like foot discomfort and performance enhancement in the ad copy."
https://example.com/nike_casual_shoes.jpg,best casual shoes for city life,21960,0.37,65.0,0.7,0.15,0.50,nike casual shoes (volume: 5400); nike shoes for men (volume: 49500),"The keyword ""best casual shoes for city life"" aligns well with the ad's intent and target audience, as it appeals to urban dwellers aged 18-40 interested in fashion and lifestyle. The high search volume (21,960) indicates strong interest, while the CPC ($0.37) suggests cost-effectiveness compared to similar keywords. The keyword difficulty (65) and competition (0.70) reflect a moderately competitive landscape, indicating potential for visibility. To optimize, consider incorporating location-specific terms or lifestyle elements in the ad copy to enhance relevance and engagement, leveraging the urban setting visual cues."
https://example.com/nike_casual_shoes.jpg,where to buy stylish casual shoes,3888,0.38,55.0,0.7,0.15,0.40,nike casual shoes (volume: 5400),"The keyword ""where to buy stylish casual shoes"" aligns with the ad's intent and audience by addressing the target demographic's desire for fashionable, versatile footwear in an urban lifestyle context. The estimated search volume of 3,888 suggests a strong interest, while the CPC of $0.38 indicates a cost-effective opportunity compared to similar keywords like ""nike casual shoes,"" which has a higher CPC of $0.42. The keyword difficulty of 55 and competition of 0.70 imply moderate competition, suggesting potential for visibility. To optimize, consider incorporating location-based targeting and lifestyle imagery in the ad to enhance relevance and engagement."
https://example.com/nike_casual_shoes.jpg,what are the best casual shoes,3888,0.38,55.0,0.7,0.15,0.40,nike casual shoes (volume: 5400),"The keyword ""what are the best casual shoes"" aligns with the ad's intent and audience, as it targets individuals aged 18-40 interested in fashion and lifestyle, seeking comfortable and stylish footwear. The search volume of 3,888 indicates a strong interest, while the CPC of $0.38 suggests cost-effective advertising compared to similar keywords like ""nike casual shoes,"" which has a higher CPC of $0.42. The keyword difficulty of 55 and competition of 0.70 indicate moderate challenges, suggesting a balanced opportunity for visibility. To optimize, consider incorporating lifestyle imagery and user-generated content to enhance engagement and brand perception."
https://example.com/nike_basketball_shoes.jpg,best basketball shoes,67040,0.37,53.4,1.0,0.14,0.80,basketball shoes (volume: 246000); nike basketball shoes (volume: 49500); basketball shoes nike (volume: 5400); jordan basketball shoes (volume: 12100); mens basketball shoes (volume: 22200),"The keyword ""best basketball shoes"" aligns perfectly with the ad's intent and target audience, as it addresses the needs of young basketball enthusiasts seeking high-quality footwear. The estimated search volume of 67,040 indicates strong interest, while the CPC of $0.37 suggests cost-effectiveness compared to similar keywords. The keyword difficulty of 53.4 reflects moderate competition, indicating a viable opportunity for visibility. To optimize, consider incorporating long-tail variations like ""best Nike basketball shoes"" to capture more specific searches and enhance relevance, potentially improving click-through rates and conversions."
https://example.com/nike_basketball_shoes.jpg,high-performance basketball shoes,67040,0.37,53.4,1.0,0.14,0.80,basketball shoes (volume: 246000); nike basketball shoes (volume: 49500); basketball shoes nike (volume: 5400); jordan basketball shoes (volume: 12100); mens basketball shoes (volume: 22200),"The keyword ""high-performance basketball shoes"" aligns with the ad's intent and audience by addressing specific pain points like ankle support and court grip, appealing to the active, basketball-focused demographic aged 16-30. The estimated search volume of 67,040 indicates strong interest, while the CPC of $0.37 suggests a cost-effective investment compared to similar keywords. The difficulty score of 53.4 reflects moderate competition, indicating potential for visibility. To optimize, consider incorporating this keyword in ad copy and landing pages, and leverage related terms like ""basketball shoes"" to capture broader searches while maintaining relevance."
https://example.com/nike_casual_shoes.jpg,affordable trendy sneakers,59420,0.64,71.2,1.0,0.14,0.80,sneakers (volume: 201000); nike sneakers (volume: 60500); jordan sneakers (volume: 18100); nike sneakers women (volume: 12100); nike running sneakers (volume: 5400),"The keyword ""affordable trendy sneakers"" aligns with the ad's intent and target audience, appealing to 18-40-year-olds interested in fashion and urban culture while addressing pain points like comfort and style. The search volume of 59,420 indicates strong interest, while the CPC of $0.64 suggests cost-effectiveness compared to similar keywords like ""nike sneakers"" with a higher CPC. The keyword difficulty of 71.2 indicates moderate competition, implying potential for visibility. To optimize, consider incorporating lifestyle imagery and user-generated content to enhance relatability and engagement, leveraging the keyword's appeal to affordability and trendiness."
https://example.com/nike_casual_shoes.jpg,why choose nike casual footwear,4665,0.38,55.0,0.8,0.14,0.40,nike casual shoes (volume: 5400),"The keyword ""why choose nike casual footwear"" aligns with the ad's intent and audience by addressing the pain points of comfort, style, and versatility, appealing to the 18-40 age range interested in urban lifestyle. The estimated search volume of 4,665 suggests a solid interest, while the CPC of $0.38 indicates a cost-effective opportunity compared to similar keywords like ""nike casual shoes,"" which has a higher CPC of $0.42. The difficulty score of 55 and high competition (0.77) imply a competitive landscape, suggesting the need for strong ad copy and visuals to stand out. To optimize, consider incorporating user testimonials or lifestyle imagery to enhance engagement."
https://example.com/nike_casual_shoes.jpg,casual sneakers,59420,0.53,69.6,1.0,0.14,0.80,sneakers (volume: 201000); nike casual shoes (volume: 5400); nike sneakers (volume: 60500); jordan sneakers (volume: 18100); nike sneakers women (volume: 12100),"The keyword ""casual sneakers"" aligns perfectly with the ad's intent and target audience, appealing to 18-40-year-olds interested in fashion and urban culture. Its high search volume (59,420) indicates strong interest, while a moderate CPC of $0.53 suggests cost-effectiveness compared to similar keywords. The difficulty score of 69.6 indicates competition but is manageable, allowing for potential visibility. To optimize, consider incorporating lifestyle imagery and user-generated content in the ad to enhance engagement and brand perception. Additionally, targeting long-tail variations like ""stylish casual sneakers"" could improve performance by capturing more specific search intents."
https://example.com/nike_basketball_shoes.jpg,basketball shoes,246000,0.24,50.0,1.0,0.12,0.40,basketball shoes (volume: 246000),"The keyword ""basketball shoes"" aligns perfectly with the ad's intent and target audience, as it directly addresses the interests of young basketball enthusiasts seeking footwear that offers ankle support, court grip, and impact protection. The high search volume of 246,000 indicates strong demand, while the CPC of $0.24 suggests cost-effective advertising potential. The keyword difficulty of 50 and competition level of 1.0 imply a competitive landscape, but also highlight the keyword's relevance. To optimize performance, consider incorporating long-tail variations like ""best basketball shoes for ankle support"" to capture more specific searches and reduce competition."
